id,name,layer,framework,language
topic_0,topic_events_0,Infrastructure,kafka,
topic_1,topic_events_1,Infrastructure,rabbitmq,
topic_2,topic_events_2,Infrastructure,kafka,
topic_3,topic_events_3,Infrastructure,rabbitmq,
topic_4,topic_events_4,Infrastructure,kafka,
topic_5,topic_events_5,Infrastructure,rabbitmq,
topic_6,topic_events_6,Infrastructure,kafka,
topic_7,topic_events_7,Infrastructure,rabbitmq,
topic_8,topic_events_8,Infrastructure,kafka,
topic_9,topic_events_9,Infrastructure,rabbitmq,
topic_10,topic_events_10,Infrastructure,kafka,
topic_11,topic_events_11,Infrastructure,rabbitmq,
topic_12,topic_events_12,Infrastructure,kafka,
topic_13,topic_events_13,Infrastructure,rabbitmq,
topic_14,topic_events_14,Infrastructure,kafka,
topic_15,topic_events_15,Infrastructure,rabbitmq,
topic_16,topic_events_16,Infrastructure,kafka,
topic_17,topic_events_17,Infrastructure,rabbitmq,
topic_18,topic_events_18,Infrastructure,kafka,
topic_19,topic_events_19,Infrastructure,rabbitmq,
topic_20,topic_events_20,Infrastructure,kafka,
topic_21,topic_events_21,Infrastructure,rabbitmq,
topic_22,topic_events_22,Infrastructure,kafka,
topic_23,topic_events_23,Infrastructure,rabbitmq,
topic_24,topic_events_24,Infrastructure,kafka,
topic_25,topic_events_25,Infrastructure,rabbitmq,
topic_26,topic_events_26,Infrastructure,kafka,
topic_27,topic_events_27,Infrastructure,rabbitmq,
topic_28,topic_events_28,Infrastructure,kafka,
topic_29,topic_events_29,Infrastructure,rabbitmq,
topic_30,topic_events_30,Infrastructure,kafka,
topic_31,topic_events_31,Infrastructure,rabbitmq,
topic_32,topic_events_32,Infrastructure,kafka,
topic_33,topic_events_33,Infrastructure,rabbitmq,
topic_34,topic_events_34,Infrastructure,kafka,
topic_35,topic_events_35,Infrastructure,rabbitmq,
topic_36,topic_events_36,Infrastructure,kafka,
topic_37,topic_events_37,Infrastructure,rabbitmq,
topic_38,topic_events_38,Infrastructure,kafka,
topic_39,topic_events_39,Infrastructure,rabbitmq,
topic_40,topic_events_40,Infrastructure,kafka,
topic_41,topic_events_41,Infrastructure,rabbitmq,
topic_42,topic_events_42,Infrastructure,kafka,
topic_43,topic_events_43,Infrastructure,rabbitmq,
topic_44,topic_events_44,Infrastructure,kafka,
topic_45,topic_events_45,Infrastructure,rabbitmq,
topic_46,topic_events_46,Infrastructure,kafka,
topic_47,topic_events_47,Infrastructure,rabbitmq,
topic_48,topic_events_48,Infrastructure,kafka,
topic_49,topic_events_49,Infrastructure,rabbitmq,
topic_50,topic_events_50,Infrastructure,kafka,
topic_51,topic_events_51,Infrastructure,rabbitmq,
topic_52,topic_events_52,Infrastructure,kafka,
topic_53,topic_events_53,Infrastructure,rabbitmq,
topic_54,topic_events_54,Infrastructure,kafka,
topic_55,topic_events_55,Infrastructure,rabbitmq,
topic_56,topic_events_56,Infrastructure,kafka,
topic_57,topic_events_57,Infrastructure,rabbitmq,
topic_58,topic_events_58,Infrastructure,kafka,
topic_59,topic_events_59,Infrastructure,rabbitmq,
topic_60,topic_events_60,Infrastructure,kafka,
topic_61,topic_events_61,Infrastructure,rabbitmq,
topic_62,topic_events_62,Infrastructure,kafka,
topic_63,topic_events_63,Infrastructure,rabbitmq,
topic_64,topic_events_64,Infrastructure,kafka,
topic_65,topic_events_65,Infrastructure,rabbitmq,
topic_66,topic_events_66,Infrastructure,kafka,
topic_67,topic_events_67,Infrastructure,rabbitmq,
topic_68,topic_events_68,Infrastructure,kafka,
topic_69,topic_events_69,Infrastructure,rabbitmq,
topic_70,topic_events_70,Infrastructure,kafka,
topic_71,topic_events_71,Infrastructure,rabbitmq,
topic_72,topic_events_72,Infrastructure,kafka,
topic_73,topic_events_73,Infrastructure,rabbitmq,
topic_74,topic_events_74,Infrastructure,kafka,
topic_75,topic_events_75,Infrastructure,rabbitmq,
topic_76,topic_events_76,Infrastructure,kafka,
topic_77,topic_events_77,Infrastructure,rabbitmq,
topic_78,topic_events_78,Infrastructure,kafka,
topic_79,topic_events_79,Infrastructure,rabbitmq,
topic_80,topic_events_80,Infrastructure,kafka,
topic_81,topic_events_81,Infrastructure,rabbitmq,
topic_82,topic_events_82,Infrastructure,kafka,
topic_83,topic_events_83,Infrastructure,rabbitmq,
topic_84,topic_events_84,Infrastructure,kafka,
topic_85,topic_events_85,Infrastructure,rabbitmq,
topic_86,topic_events_86,Infrastructure,kafka,
topic_87,topic_events_87,Infrastructure,rabbitmq,
topic_88,topic_events_88,Infrastructure,kafka,
topic_89,topic_events_89,Infrastructure,rabbitmq,
topic_90,topic_events_90,Infrastructure,kafka,
topic_91,topic_events_91,Infrastructure,rabbitmq,
topic_92,topic_events_92,Infrastructure,kafka,
topic_93,topic_events_93,Infrastructure,rabbitmq,
topic_94,topic_events_94,Infrastructure,kafka,
topic_95,topic_events_95,Infrastructure,rabbitmq,
topic_96,topic_events_96,Infrastructure,kafka,
topic_97,topic_events_97,Infrastructure,rabbitmq,
topic_98,topic_events_98,Infrastructure,kafka,
topic_99,topic_events_99,Infrastructure,rabbitmq,
topic_100,topic_events_100,Infrastructure,kafka,
topic_101,topic_events_101,Infrastructure,rabbitmq,
topic_102,topic_events_102,Infrastructure,kafka,
topic_103,topic_events_103,Infrastructure,rabbitmq,
topic_104,topic_events_104,Infrastructure,kafka,
topic_105,topic_events_105,Infrastructure,rabbitmq,
topic_106,topic_events_106,Infrastructure,kafka,
topic_107,topic_events_107,Infrastructure,rabbitmq,
topic_108,topic_events_108,Infrastructure,kafka,
topic_109,topic_events_109,Infrastructure,rabbitmq,
topic_110,topic_events_110,Infrastructure,kafka,
topic_111,topic_events_111,Infrastructure,rabbitmq,
topic_112,topic_events_112,Infrastructure,kafka,
topic_113,topic_events_113,Infrastructure,rabbitmq,
topic_114,topic_events_114,Infrastructure,kafka,
topic_115,topic_events_115,Infrastructure,rabbitmq,
topic_116,topic_events_116,Infrastructure,kafka,
topic_117,topic_events_117,Infrastructure,rabbitmq,
topic_118,topic_events_118,Infrastructure,kafka,
topic_119,topic_events_119,Infrastructure,rabbitmq,
topic_120,topic_events_120,Infrastructure,kafka,
topic_121,topic_events_121,Infrastructure,rabbitmq,
topic_122,topic_events_122,Infrastructure,kafka,
topic_123,topic_events_123,Infrastructure,rabbitmq,
topic_124,topic_events_124,Infrastructure,kafka,
topic_125,topic_events_125,Infrastructure,rabbitmq,
topic_126,topic_events_126,Infrastructure,kafka,
topic_127,topic_events_127,Infrastructure,rabbitmq,
topic_128,topic_events_128,Infrastructure,kafka,
topic_129,topic_events_129,Infrastructure,rabbitmq,
topic_130,topic_events_130,Infrastructure,kafka,
topic_131,topic_events_131,Infrastructure,rabbitmq,
topic_132,topic_events_132,Infrastructure,kafka,
topic_133,topic_events_133,Infrastructure,rabbitmq,
topic_134,topic_events_134,Infrastructure,kafka,
topic_135,topic_events_135,Infrastructure,rabbitmq,
topic_136,topic_events_136,Infrastructure,kafka,
topic_137,topic_events_137,Infrastructure,rabbitmq,
topic_138,topic_events_138,Infrastructure,kafka,
topic_139,topic_events_139,Infrastructure,rabbitmq,
topic_140,topic_events_140,Infrastructure,kafka,
topic_141,topic_events_141,Infrastructure,rabbitmq,
topic_142,topic_events_142,Infrastructure,kafka,
topic_143,topic_events_143,Infrastructure,rabbitmq,
topic_144,topic_events_144,Infrastructure,kafka,
topic_145,topic_events_145,Infrastructure,rabbitmq,
topic_146,topic_events_146,Infrastructure,kafka,
topic_147,topic_events_147,Infrastructure,rabbitmq,
topic_148,topic_events_148,Infrastructure,kafka,
topic_149,topic_events_149,Infrastructure,rabbitmq,
topic_150,topic_events_150,Infrastructure,kafka,
topic_151,topic_events_151,Infrastructure,rabbitmq,
topic_152,topic_events_152,Infrastructure,kafka,
topic_153,topic_events_153,Infrastructure,rabbitmq,
topic_154,topic_events_154,Infrastructure,kafka,
topic_155,topic_events_155,Infrastructure,rabbitmq,
topic_156,topic_events_156,Infrastructure,kafka,
topic_157,topic_events_157,Infrastructure,rabbitmq,
topic_158,topic_events_158,Infrastructure,kafka,
topic_159,topic_events_159,Infrastructure,rabbitmq,
topic_160,topic_events_160,Infrastructure,kafka,
topic_161,topic_events_161,Infrastructure,rabbitmq,
topic_162,topic_events_162,Infrastructure,kafka,
topic_163,topic_events_163,Infrastructure,rabbitmq,
topic_164,topic_events_164,Infrastructure,kafka,
topic_165,topic_events_165,Infrastructure,rabbitmq,
topic_166,topic_events_166,Infrastructure,kafka,
topic_167,topic_events_167,Infrastructure,rabbitmq,
topic_168,topic_events_168,Infrastructure,kafka,
topic_169,topic_events_169,Infrastructure,rabbitmq,
topic_170,topic_events_170,Infrastructure,kafka,
topic_171,topic_events_171,Infrastructure,rabbitmq,
topic_172,topic_events_172,Infrastructure,kafka,
topic_173,topic_events_173,Infrastructure,rabbitmq,
topic_174,topic_events_174,Infrastructure,kafka,
topic_175,topic_events_175,Infrastructure,rabbitmq,
topic_176,topic_events_176,Infrastructure,kafka,
topic_177,topic_events_177,Infrastructure,rabbitmq,
topic_178,topic_events_178,Infrastructure,kafka,
topic_179,topic_events_179,Infrastructure,rabbitmq,
topic_180,topic_events_180,Infrastructure,kafka,
topic_181,topic_events_181,Infrastructure,rabbitmq,
topic_182,topic_events_182,Infrastructure,kafka,
topic_183,topic_events_183,Infrastructure,rabbitmq,
topic_184,topic_events_184,Infrastructure,kafka,
topic_185,topic_events_185,Infrastructure,rabbitmq,
topic_186,topic_events_186,Infrastructure,kafka,
topic_187,topic_events_187,Infrastructure,rabbitmq,
topic_188,topic_events_188,Infrastructure,kafka,
topic_189,topic_events_189,Infrastructure,rabbitmq,
topic_190,topic_events_190,Infrastructure,kafka,
topic_191,topic_events_191,Infrastructure,rabbitmq,
topic_192,topic_events_192,Infrastructure,kafka,
topic_193,topic_events_193,Infrastructure,rabbitmq,
topic_194,topic_events_194,Infrastructure,kafka,
topic_195,topic_events_195,Infrastructure,rabbitmq,
topic_196,topic_events_196,Infrastructure,kafka,
topic_197,topic_events_197,Infrastructure,rabbitmq,
topic_198,topic_events_198,Infrastructure,kafka,
topic_199,topic_events_199,Infrastructure,rabbitmq,
topic_200,topic_events_200,Infrastructure,kafka,
topic_201,topic_events_201,Infrastructure,rabbitmq,
topic_202,topic_events_202,Infrastructure,kafka,
topic_203,topic_events_203,Infrastructure,rabbitmq,
topic_204,topic_events_204,Infrastructure,kafka,
topic_205,topic_events_205,Infrastructure,rabbitmq,
topic_206,topic_events_206,Infrastructure,kafka,
topic_207,topic_events_207,Infrastructure,rabbitmq,
topic_208,topic_events_208,Infrastructure,kafka,
topic_209,topic_events_209,Infrastructure,rabbitmq,
topic_210,topic_events_210,Infrastructure,kafka,
topic_211,topic_events_211,Infrastructure,rabbitmq,
topic_212,topic_events_212,Infrastructure,kafka,
topic_213,topic_events_213,Infrastructure,rabbitmq,
topic_214,topic_events_214,Infrastructure,kafka,
topic_215,topic_events_215,Infrastructure,rabbitmq,
topic_216,topic_events_216,Infrastructure,kafka,
topic_217,topic_events_217,Infrastructure,rabbitmq,
topic_218,topic_events_218,Infrastructure,kafka,
topic_219,topic_events_219,Infrastructure,rabbitmq,
topic_220,topic_events_220,Infrastructure,kafka,
topic_221,topic_events_221,Infrastructure,rabbitmq,
topic_222,topic_events_222,Infrastructure,kafka,
topic_223,topic_events_223,Infrastructure,rabbitmq,
topic_224,topic_events_224,Infrastructure,kafka,
topic_225,topic_events_225,Infrastructure,rabbitmq,
topic_226,topic_events_226,Infrastructure,kafka,
topic_227,topic_events_227,Infrastructure,rabbitmq,
topic_228,topic_events_228,Infrastructure,kafka,
topic_229,topic_events_229,Infrastructure,rabbitmq,
topic_230,topic_events_230,Infrastructure,kafka,
topic_231,topic_events_231,Infrastructure,rabbitmq,
topic_232,topic_events_232,Infrastructure,kafka,
topic_233,topic_events_233,Infrastructure,rabbitmq,
topic_234,topic_events_234,Infrastructure,kafka,
topic_235,topic_events_235,Infrastructure,rabbitmq,
topic_236,topic_events_236,Infrastructure,kafka,
topic_237,topic_events_237,Infrastructure,rabbitmq,
topic_238,topic_events_238,Infrastructure,kafka,
topic_239,topic_events_239,Infrastructure,rabbitmq,
topic_240,topic_events_240,Infrastructure,kafka,
topic_241,topic_events_241,Infrastructure,rabbitmq,
topic_242,topic_events_242,Infrastructure,kafka,
topic_243,topic_events_243,Infrastructure,rabbitmq,
topic_244,topic_events_244,Infrastructure,kafka,
topic_245,topic_events_245,Infrastructure,rabbitmq,
topic_246,topic_events_246,Infrastructure,kafka,
topic_247,topic_events_247,Infrastructure,rabbitmq,
topic_248,topic_events_248,Infrastructure,kafka,
topic_249,topic_events_249,Infrastructure,rabbitmq,
topic_250,topic_events_250,Infrastructure,kafka,
topic_251,topic_events_251,Infrastructure,rabbitmq,
topic_252,topic_events_252,Infrastructure,kafka,
topic_253,topic_events_253,Infrastructure,rabbitmq,
topic_254,topic_events_254,Infrastructure,kafka,
topic_255,topic_events_255,Infrastructure,rabbitmq,
topic_256,topic_events_256,Infrastructure,kafka,
topic_257,topic_events_257,Infrastructure,rabbitmq,
topic_258,topic_events_258,Infrastructure,kafka,
topic_259,topic_events_259,Infrastructure,rabbitmq,
topic_260,topic_events_260,Infrastructure,kafka,
topic_261,topic_events_261,Infrastructure,rabbitmq,
topic_262,topic_events_262,Infrastructure,kafka,
topic_263,topic_events_263,Infrastructure,rabbitmq,
topic_264,topic_events_264,Infrastructure,kafka,
topic_265,topic_events_265,Infrastructure,rabbitmq,
topic_266,topic_events_266,Infrastructure,kafka,
topic_267,topic_events_267,Infrastructure,rabbitmq,
topic_268,topic_events_268,Infrastructure,kafka,
topic_269,topic_events_269,Infrastructure,rabbitmq,
topic_270,topic_events_270,Infrastructure,kafka,
topic_271,topic_events_271,Infrastructure,rabbitmq,
topic_272,topic_events_272,Infrastructure,kafka,
topic_273,topic_events_273,Infrastructure,rabbitmq,
topic_274,topic_events_274,Infrastructure,kafka,
topic_275,topic_events_275,Infrastructure,rabbitmq,
topic_276,topic_events_276,Infrastructure,kafka,
topic_277,topic_events_277,Infrastructure,rabbitmq,
topic_278,topic_events_278,Infrastructure,kafka,
topic_279,topic_events_279,Infrastructure,rabbitmq,
topic_280,topic_events_280,Infrastructure,kafka,
topic_281,topic_events_281,Infrastructure,rabbitmq,
topic_282,topic_events_282,Infrastructure,kafka,
topic_283,topic_events_283,Infrastructure,rabbitmq,
topic_284,topic_events_284,Infrastructure,kafka,
topic_285,topic_events_285,Infrastructure,rabbitmq,
topic_286,topic_events_286,Infrastructure,kafka,
topic_287,topic_events_287,Infrastructure,rabbitmq,
topic_288,topic_events_288,Infrastructure,kafka,
topic_289,topic_events_289,Infrastructure,rabbitmq,
topic_290,topic_events_290,Infrastructure,kafka,
topic_291,topic_events_291,Infrastructure,rabbitmq,
topic_292,topic_events_292,Infrastructure,kafka,
topic_293,topic_events_293,Infrastructure,rabbitmq,
topic_294,topic_events_294,Infrastructure,kafka,
topic_295,topic_events_295,Infrastructure,rabbitmq,
topic_296,topic_events_296,Infrastructure,kafka,
topic_297,topic_events_297,Infrastructure,rabbitmq,
topic_298,topic_events_298,Infrastructure,kafka,
topic_299,topic_events_299,Infrastructure,rabbitmq,
topic_300,topic_events_300,Infrastructure,kafka,
topic_301,topic_events_301,Infrastructure,rabbitmq,
topic_302,topic_events_302,Infrastructure,kafka,
topic_303,topic_events_303,Infrastructure,rabbitmq,
topic_304,topic_events_304,Infrastructure,kafka,
topic_305,topic_events_305,Infrastructure,rabbitmq,
topic_306,topic_events_306,Infrastructure,kafka,
topic_307,topic_events_307,Infrastructure,rabbitmq,
topic_308,topic_events_308,Infrastructure,kafka,
topic_309,topic_events_309,Infrastructure,rabbitmq,
topic_310,topic_events_310,Infrastructure,kafka,
topic_311,topic_events_311,Infrastructure,rabbitmq,
topic_312,topic_events_312,Infrastructure,kafka,
topic_313,topic_events_313,Infrastructure,rabbitmq,
topic_314,topic_events_314,Infrastructure,kafka,
topic_315,topic_events_315,Infrastructure,rabbitmq,
topic_316,topic_events_316,Infrastructure,kafka,
topic_317,topic_events_317,Infrastructure,rabbitmq,
topic_318,topic_events_318,Infrastructure,kafka,
topic_319,topic_events_319,Infrastructure,rabbitmq,
topic_320,topic_events_320,Infrastructure,kafka,
topic_321,topic_events_321,Infrastructure,rabbitmq,
topic_322,topic_events_322,Infrastructure,kafka,
topic_323,topic_events_323,Infrastructure,rabbitmq,
topic_324,topic_events_324,Infrastructure,kafka,
topic_325,topic_events_325,Infrastructure,rabbitmq,
topic_326,topic_events_326,Infrastructure,kafka,
topic_327,topic_events_327,Infrastructure,rabbitmq,
topic_328,topic_events_328,Infrastructure,kafka,
topic_329,topic_events_329,Infrastructure,rabbitmq,
topic_330,topic_events_330,Infrastructure,kafka,
topic_331,topic_events_331,Infrastructure,rabbitmq,
topic_332,topic_events_332,Infrastructure,kafka,
topic_333,topic_events_333,Infrastructure,rabbitmq,
topic_334,topic_events_334,Infrastructure,kafka,
topic_335,topic_events_335,Infrastructure,rabbitmq,
topic_336,topic_events_336,Infrastructure,kafka,
topic_337,topic_events_337,Infrastructure,rabbitmq,
topic_338,topic_events_338,Infrastructure,kafka,
topic_339,topic_events_339,Infrastructure,rabbitmq,
topic_340,topic_events_340,Infrastructure,kafka,
topic_341,topic_events_341,Infrastructure,rabbitmq,
topic_342,topic_events_342,Infrastructure,kafka,
topic_343,topic_events_343,Infrastructure,rabbitmq,
topic_344,topic_events_344,Infrastructure,kafka,
topic_345,topic_events_345,Infrastructure,rabbitmq,
topic_346,topic_events_346,Infrastructure,kafka,
topic_347,topic_events_347,Infrastructure,rabbitmq,
topic_348,topic_events_348,Infrastructure,kafka,
topic_349,topic_events_349,Infrastructure,rabbitmq,
topic_350,topic_events_350,Infrastructure,kafka,
topic_351,topic_events_351,Infrastructure,rabbitmq,
topic_352,topic_events_352,Infrastructure,kafka,
topic_353,topic_events_353,Infrastructure,rabbitmq,
topic_354,topic_events_354,Infrastructure,kafka,
topic_355,topic_events_355,Infrastructure,rabbitmq,
topic_356,topic_events_356,Infrastructure,kafka,
topic_357,topic_events_357,Infrastructure,rabbitmq,
topic_358,topic_events_358,Infrastructure,kafka,
topic_359,topic_events_359,Infrastructure,rabbitmq,
topic_360,topic_events_360,Infrastructure,kafka,
topic_361,topic_events_361,Infrastructure,rabbitmq,
topic_362,topic_events_362,Infrastructure,kafka,
topic_363,topic_events_363,Infrastructure,rabbitmq,
topic_364,topic_events_364,Infrastructure,kafka,
topic_365,topic_events_365,Infrastructure,rabbitmq,
topic_366,topic_events_366,Infrastructure,kafka,
topic_367,topic_events_367,Infrastructure,rabbitmq,
topic_368,topic_events_368,Infrastructure,kafka,
topic_369,topic_events_369,Infrastructure,rabbitmq,
topic_370,topic_events_370,Infrastructure,kafka,
topic_371,topic_events_371,Infrastructure,rabbitmq,
topic_372,topic_events_372,Infrastructure,kafka,
topic_373,topic_events_373,Infrastructure,rabbitmq,
topic_374,topic_events_374,Infrastructure,kafka,
topic_375,topic_events_375,Infrastructure,rabbitmq,
topic_376,topic_events_376,Infrastructure,kafka,
topic_377,topic_events_377,Infrastructure,rabbitmq,
topic_378,topic_events_378,Infrastructure,kafka,
topic_379,topic_events_379,Infrastructure,rabbitmq,
topic_380,topic_events_380,Infrastructure,kafka,
topic_381,topic_events_381,Infrastructure,rabbitmq,
topic_382,topic_events_382,Infrastructure,kafka,
topic_383,topic_events_383,Infrastructure,rabbitmq,
topic_384,topic_events_384,Infrastructure,kafka,
topic_385,topic_events_385,Infrastructure,rabbitmq,
topic_386,topic_events_386,Infrastructure,kafka,
topic_387,topic_events_387,Infrastructure,rabbitmq,
topic_388,topic_events_388,Infrastructure,kafka,
topic_389,topic_events_389,Infrastructure,rabbitmq,
topic_390,topic_events_390,Infrastructure,kafka,
topic_391,topic_events_391,Infrastructure,rabbitmq,
topic_392,topic_events_392,Infrastructure,kafka,
topic_393,topic_events_393,Infrastructure,rabbitmq,
topic_394,topic_events_394,Infrastructure,kafka,
topic_395,topic_events_395,Infrastructure,rabbitmq,
topic_396,topic_events_396,Infrastructure,kafka,
topic_397,topic_events_397,Infrastructure,rabbitmq,
topic_398,topic_events_398,Infrastructure,kafka,
topic_399,topic_events_399,Infrastructure,rabbitmq,
topic_400,topic_events_400,Infrastructure,kafka,
topic_401,topic_events_401,Infrastructure,rabbitmq,
topic_402,topic_events_402,Infrastructure,kafka,
topic_403,topic_events_403,Infrastructure,rabbitmq,
topic_404,topic_events_404,Infrastructure,kafka,
topic_405,topic_events_405,Infrastructure,rabbitmq,
topic_406,topic_events_406,Infrastructure,kafka,
topic_407,topic_events_407,Infrastructure,rabbitmq,
topic_408,topic_events_408,Infrastructure,kafka,
topic_409,topic_events_409,Infrastructure,rabbitmq,
topic_410,topic_events_410,Infrastructure,kafka,
topic_411,topic_events_411,Infrastructure,rabbitmq,
topic_412,topic_events_412,Infrastructure,kafka,
topic_413,topic_events_413,Infrastructure,rabbitmq,
topic_414,topic_events_414,Infrastructure,kafka,
topic_415,topic_events_415,Infrastructure,rabbitmq,
topic_416,topic_events_416,Infrastructure,kafka,
topic_417,topic_events_417,Infrastructure,rabbitmq,
topic_418,topic_events_418,Infrastructure,kafka,
topic_419,topic_events_419,Infrastructure,rabbitmq,
topic_420,topic_events_420,Infrastructure,kafka,
topic_421,topic_events_421,Infrastructure,rabbitmq,
topic_422,topic_events_422,Infrastructure,kafka,
topic_423,topic_events_423,Infrastructure,rabbitmq,
topic_424,topic_events_424,Infrastructure,kafka,
topic_425,topic_events_425,Infrastructure,rabbitmq,
topic_426,topic_events_426,Infrastructure,kafka,
topic_427,topic_events_427,Infrastructure,rabbitmq,
topic_428,topic_events_428,Infrastructure,kafka,
topic_429,topic_events_429,Infrastructure,rabbitmq,
topic_430,topic_events_430,Infrastructure,kafka,
topic_431,topic_events_431,Infrastructure,rabbitmq,
topic_432,topic_events_432,Infrastructure,kafka,
topic_433,topic_events_433,Infrastructure,rabbitmq,
topic_434,topic_events_434,Infrastructure,kafka,
topic_435,topic_events_435,Infrastructure,rabbitmq,
topic_436,topic_events_436,Infrastructure,kafka,
topic_437,topic_events_437,Infrastructure,rabbitmq,
topic_438,topic_events_438,Infrastructure,kafka,
topic_439,topic_events_439,Infrastructure,rabbitmq,
topic_440,topic_events_440,Infrastructure,kafka,
topic_441,topic_events_441,Infrastructure,rabbitmq,
topic_442,topic_events_442,Infrastructure,kafka,
topic_443,topic_events_443,Infrastructure,rabbitmq,
topic_444,topic_events_444,Infrastructure,kafka,
topic_445,topic_events_445,Infrastructure,rabbitmq,
topic_446,topic_events_446,Infrastructure,kafka,
topic_447,topic_events_447,Infrastructure,rabbitmq,
topic_448,topic_events_448,Infrastructure,kafka,
topic_449,topic_events_449,Infrastructure,rabbitmq,
topic_450,topic_events_450,Infrastructure,kafka,
topic_451,topic_events_451,Infrastructure,rabbitmq,
topic_452,topic_events_452,Infrastructure,kafka,
topic_453,topic_events_453,Infrastructure,rabbitmq,
topic_454,topic_events_454,Infrastructure,kafka,
topic_455,topic_events_455,Infrastructure,rabbitmq,
topic_456,topic_events_456,Infrastructure,kafka,
topic_457,topic_events_457,Infrastructure,rabbitmq,
topic_458,topic_events_458,Infrastructure,kafka,
topic_459,topic_events_459,Infrastructure,rabbitmq,
topic_460,topic_events_460,Infrastructure,kafka,
topic_461,topic_events_461,Infrastructure,rabbitmq,
topic_462,topic_events_462,Infrastructure,kafka,
topic_463,topic_events_463,Infrastructure,rabbitmq,
topic_464,topic_events_464,Infrastructure,kafka,
topic_465,topic_events_465,Infrastructure,rabbitmq,
topic_466,topic_events_466,Infrastructure,kafka,
topic_467,topic_events_467,Infrastructure,rabbitmq,
topic_468,topic_events_468,Infrastructure,kafka,
topic_469,topic_events_469,Infrastructure,rabbitmq,
topic_470,topic_events_470,Infrastructure,kafka,
topic_471,topic_events_471,Infrastructure,rabbitmq,
topic_472,topic_events_472,Infrastructure,kafka,
topic_473,topic_events_473,Infrastructure,rabbitmq,
topic_474,topic_events_474,Infrastructure,kafka,
topic_475,topic_events_475,Infrastructure,rabbitmq,
topic_476,topic_events_476,Infrastructure,kafka,
topic_477,topic_events_477,Infrastructure,rabbitmq,
topic_478,topic_events_478,Infrastructure,kafka,
topic_479,topic_events_479,Infrastructure,rabbitmq,
topic_480,topic_events_480,Infrastructure,kafka,
topic_481,topic_events_481,Infrastructure,rabbitmq,
topic_482,topic_events_482,Infrastructure,kafka,
topic_483,topic_events_483,Infrastructure,rabbitmq,
topic_484,topic_events_484,Infrastructure,kafka,
topic_485,topic_events_485,Infrastructure,rabbitmq,
topic_486,topic_events_486,Infrastructure,kafka,
topic_487,topic_events_487,Infrastructure,rabbitmq,
topic_488,topic_events_488,Infrastructure,kafka,
topic_489,topic_events_489,Infrastructure,rabbitmq,
topic_490,topic_events_490,Infrastructure,kafka,
topic_491,topic_events_491,Infrastructure,rabbitmq,
topic_492,topic_events_492,Infrastructure,kafka,
topic_493,topic_events_493,Infrastructure,rabbitmq,
topic_494,topic_events_494,Infrastructure,kafka,
topic_495,topic_events_495,Infrastructure,rabbitmq,
topic_496,topic_events_496,Infrastructure,kafka,
topic_497,topic_events_497,Infrastructure,rabbitmq,
topic_498,topic_events_498,Infrastructure,kafka,
topic_499,topic_events_499,Infrastructure,rabbitmq,
