from,to
service_0,db_0
service_0,db_1
service_0,db_2
service_1,db_3
service_1,db_4
service_1,db_5
service_10,db_30
service_10,db_31
service_10,db_32
service_100,db_300
service_100,db_301
service_100,db_302
service_101,db_303
service_101,db_304
service_101,db_305
service_102,db_306
service_102,db_307
service_102,db_308
service_103,db_309
service_103,db_310
service_103,db_311
service_104,db_312
service_104,db_313
service_104,db_314
service_105,db_315
service_105,db_316
service_105,db_317
service_106,db_318
service_106,db_319
service_106,db_320
service_107,db_321
service_107,db_322
service_107,db_323
service_108,db_324
service_108,db_325
service_108,db_326
service_109,db_327
service_109,db_328
service_109,db_329
service_11,db_33
service_11,db_34
service_11,db_35
service_110,db_330
service_110,db_331
service_110,db_332
service_111,db_333
service_111,db_334
service_111,db_335
service_112,db_336
service_112,db_337
service_112,db_338
service_113,db_339
service_113,db_340
service_113,db_341
service_114,db_342
service_114,db_343
service_114,db_344
service_115,db_345
service_115,db_346
service_115,db_347
service_116,db_348
service_116,db_349
service_116,db_350
service_117,db_351
service_117,db_352
service_117,db_353
service_118,db_354
service_118,db_355
service_118,db_356
service_119,db_357
service_119,db_358
service_119,db_359
service_12,db_36
service_12,db_37
service_12,db_38
service_120,db_360
service_120,db_361
service_120,db_362
service_121,db_363
service_121,db_364
service_121,db_365
service_122,db_366
service_122,db_367
service_122,db_368
service_123,db_369
service_123,db_370
service_123,db_371
service_124,db_372
service_124,db_373
service_124,db_374
service_125,db_375
service_125,db_376
service_125,db_377
service_126,db_378
service_126,db_379
service_126,db_380
service_127,db_381
service_127,db_382
service_127,db_383
service_128,db_384
service_128,db_385
service_128,db_386
service_129,db_387
service_129,db_388
service_129,db_389
service_13,db_39
service_13,db_40
service_13,db_41
service_130,db_390
service_130,db_391
service_130,db_392
service_131,db_393
service_131,db_394
service_131,db_395
service_132,db_396
service_132,db_397
service_132,db_398
service_133,db_399
service_133,db_400
service_133,db_401
service_134,db_402
service_134,db_403
service_134,db_404
service_135,db_405
service_135,db_406
service_135,db_407
service_136,db_408
service_136,db_409
service_136,db_410
service_137,db_411
service_137,db_412
service_137,db_413
service_138,db_414
service_138,db_415
service_138,db_416
service_139,db_417
service_139,db_418
service_139,db_419
service_14,db_42
service_14,db_43
service_14,db_44
service_140,db_420
service_140,db_421
service_140,db_422
service_141,db_423
service_141,db_424
service_141,db_425
service_142,db_426
service_142,db_427
service_142,db_428
service_143,db_429
service_143,db_430
service_143,db_431
service_144,db_432
service_144,db_433
service_144,db_434
service_145,db_435
service_145,db_436
service_145,db_437
service_146,db_438
service_146,db_439
service_146,db_440
service_147,db_441
service_147,db_442
service_147,db_443
service_148,db_444
service_148,db_445
service_148,db_446
service_149,db_447
service_149,db_448
service_149,db_449
service_15,db_45
service_15,db_46
service_15,db_47
service_150,db_450
service_150,db_451
service_150,db_452
service_151,db_453
service_151,db_454
service_151,db_455
service_152,db_456
service_152,db_457
service_152,db_458
service_153,db_459
service_153,db_460
service_153,db_461
service_154,db_462
service_154,db_463
service_154,db_464
service_155,db_465
service_155,db_466
service_155,db_467
service_156,db_468
service_156,db_469
service_156,db_470
service_157,db_471
service_157,db_472
service_157,db_473
service_158,db_474
service_158,db_475
service_158,db_476
service_159,db_477
service_159,db_478
service_159,db_479
service_16,db_48
service_16,db_49
service_16,db_50
service_160,db_480
service_160,db_481
service_160,db_482
service_161,db_483
service_161,db_484
service_161,db_485
service_162,db_486
service_162,db_487
service_162,db_488
service_163,db_489
service_163,db_490
service_163,db_491
service_164,db_492
service_164,db_493
service_164,db_494
service_165,db_495
service_165,db_496
service_165,db_497
service_166,db_0
service_166,db_498
service_166,db_499
service_167,db_1
service_167,db_2
service_167,db_3
service_168,db_4
service_168,db_5
service_168,db_6
service_169,db_7
service_169,db_8
service_169,db_9
service_17,db_51
service_17,db_52
service_17,db_53
service_170,db_10
service_170,db_11
service_170,db_12
service_171,db_13
service_171,db_14
service_171,db_15
service_172,db_16
service_172,db_17
service_172,db_18
service_173,db_19
service_173,db_20
service_173,db_21
service_174,db_22
service_174,db_23
service_174,db_24
service_175,db_25
service_175,db_26
service_175,db_27
service_176,db_28
service_176,db_29
service_176,db_30
service_177,db_31
service_177,db_32
service_177,db_33
service_178,db_34
service_178,db_35
service_178,db_36
service_179,db_37
service_179,db_38
service_179,db_39
service_18,db_54
service_18,db_55
service_18,db_56
service_180,db_40
service_180,db_41
service_180,db_42
service_181,db_43
service_181,db_44
service_181,db_45
service_182,db_46
service_182,db_47
service_182,db_48
service_183,db_49
service_183,db_50
service_183,db_51
service_184,db_52
service_184,db_53
service_184,db_54
service_185,db_55
service_185,db_56
service_185,db_57
service_186,db_58
service_186,db_59
service_186,db_60
service_187,db_61
service_187,db_62
service_187,db_63
service_188,db_64
service_188,db_65
service_188,db_66
service_189,db_67
service_189,db_68
service_189,db_69
service_19,db_57
service_19,db_58
service_19,db_59
service_190,db_70
service_190,db_71
service_190,db_72
service_191,db_73
service_191,db_74
service_191,db_75
service_192,db_76
service_192,db_77
service_192,db_78
service_193,db_79
service_193,db_80
service_193,db_81
service_194,db_82
service_194,db_83
service_194,db_84
service_195,db_85
service_195,db_86
service_195,db_87
service_196,db_88
service_196,db_89
service_196,db_90
service_197,db_91
service_197,db_92
service_197,db_93
service_198,db_94
service_198,db_95
service_198,db_96
service_199,db_97
service_199,db_98
service_199,db_99
service_2,db_6
service_2,db_7
service_2,db_8
service_20,db_60
service_20,db_61
service_20,db_62
service_200,db_100
service_200,db_101
service_200,db_102
service_201,db_103
service_201,db_104
service_201,db_105
service_202,db_106
service_202,db_107
service_202,db_108
service_203,db_109
service_203,db_110
service_203,db_111
service_204,db_112
service_204,db_113
service_204,db_114
service_205,db_115
service_205,db_116
service_205,db_117
service_206,db_118
service_206,db_119
service_206,db_120
service_207,db_121
service_207,db_122
service_207,db_123
service_208,db_124
service_208,db_125
service_208,db_126
service_209,db_127
service_209,db_128
service_209,db_129
service_21,db_63
service_21,db_64
service_21,db_65
service_210,db_130
service_210,db_131
service_210,db_132
service_211,db_133
service_211,db_134
service_211,db_135
service_212,db_136
service_212,db_137
service_212,db_138
service_213,db_139
service_213,db_140
service_213,db_141
service_214,db_142
service_214,db_143
service_214,db_144
service_215,db_145
service_215,db_146
service_215,db_147
service_216,db_148
service_216,db_149
service_216,db_150
service_217,db_151
service_217,db_152
service_217,db_153
service_218,db_154
service_218,db_155
service_218,db_156
service_219,db_157
service_219,db_158
service_219,db_159
service_22,db_66
service_22,db_67
service_22,db_68
service_220,db_160
service_220,db_161
service_220,db_162
service_221,db_163
service_221,db_164
service_221,db_165
service_222,db_166
service_222,db_167
service_222,db_168
service_223,db_169
service_223,db_170
service_223,db_171
service_224,db_172
service_224,db_173
service_224,db_174
service_225,db_175
service_225,db_176
service_225,db_177
service_226,db_178
service_226,db_179
service_226,db_180
service_227,db_181
service_227,db_182
service_227,db_183
service_228,db_184
service_228,db_185
service_228,db_186
service_229,db_187
service_229,db_188
service_229,db_189
service_23,db_69
service_23,db_70
service_23,db_71
service_230,db_190
service_230,db_191
service_230,db_192
service_231,db_193
service_231,db_194
service_231,db_195
service_232,db_196
service_232,db_197
service_232,db_198
service_233,db_199
service_233,db_200
service_233,db_201
service_234,db_202
service_234,db_203
service_234,db_204
service_235,db_205
service_235,db_206
service_235,db_207
service_236,db_208
service_236,db_209
service_236,db_210
service_237,db_211
service_237,db_212
service_237,db_213
service_238,db_214
service_238,db_215
service_238,db_216
service_239,db_217
service_239,db_218
service_239,db_219
service_24,db_72
service_24,db_73
service_24,db_74
service_240,db_220
service_240,db_221
service_240,db_222
service_241,db_223
service_241,db_224
service_241,db_225
service_242,db_226
service_242,db_227
service_242,db_228
service_243,db_229
service_243,db_230
service_243,db_231
service_244,db_232
service_244,db_233
service_244,db_234
service_245,db_235
service_245,db_236
service_245,db_237
service_246,db_238
service_246,db_239
service_246,db_240
service_247,db_241
service_247,db_242
service_247,db_243
service_248,db_244
service_248,db_245
service_248,db_246
service_249,db_247
service_249,db_248
service_249,db_249
service_25,db_75
service_25,db_76
service_25,db_77
service_250,db_250
service_250,db_251
service_250,db_252
service_251,db_253
service_251,db_254
service_251,db_255
service_252,db_256
service_252,db_257
service_252,db_258
service_253,db_259
service_253,db_260
service_253,db_261
service_254,db_262
service_254,db_263
service_254,db_264
service_255,db_265
service_255,db_266
service_255,db_267
service_256,db_268
service_256,db_269
service_256,db_270
service_257,db_271
service_257,db_272
service_257,db_273
service_258,db_274
service_258,db_275
service_258,db_276
service_259,db_277
service_259,db_278
service_259,db_279
service_26,db_78
service_26,db_79
service_26,db_80
service_260,db_280
service_260,db_281
service_260,db_282
service_261,db_283
service_261,db_284
service_261,db_285
service_262,db_286
service_262,db_287
service_262,db_288
service_263,db_289
service_263,db_290
service_263,db_291
service_264,db_292
service_264,db_293
service_264,db_294
service_265,db_295
service_265,db_296
service_265,db_297
service_266,db_298
service_266,db_299
service_266,db_300
service_267,db_301
service_267,db_302
service_267,db_303
service_268,db_304
service_268,db_305
service_268,db_306
service_269,db_307
service_269,db_308
service_269,db_309
service_27,db_81
service_27,db_82
service_27,db_83
service_270,db_310
service_270,db_311
service_270,db_312
service_271,db_313
service_271,db_314
service_271,db_315
service_272,db_316
service_272,db_317
service_272,db_318
service_273,db_319
service_273,db_320
service_273,db_321
service_274,db_322
service_274,db_323
service_274,db_324
service_275,db_325
service_275,db_326
service_275,db_327
service_276,db_328
service_276,db_329
service_276,db_330
service_277,db_331
service_277,db_332
service_277,db_333
service_278,db_334
service_278,db_335
service_278,db_336
service_279,db_337
service_279,db_338
service_279,db_339
service_28,db_84
service_28,db_85
service_28,db_86
service_280,db_340
service_280,db_341
service_280,db_342
service_281,db_343
service_281,db_344
service_281,db_345
service_282,db_346
service_282,db_347
service_282,db_348
service_283,db_349
service_283,db_350
service_283,db_351
service_284,db_352
service_284,db_353
service_284,db_354
service_285,db_355
service_285,db_356
service_285,db_357
service_286,db_358
service_286,db_359
service_286,db_360
service_287,db_361
service_287,db_362
service_287,db_363
service_288,db_364
service_288,db_365
service_288,db_366
service_289,db_367
service_289,db_368
service_289,db_369
service_29,db_87
service_29,db_88
service_29,db_89
service_290,db_370
service_290,db_371
service_290,db_372
service_291,db_373
service_291,db_374
service_291,db_375
service_292,db_376
service_292,db_377
service_292,db_378
service_293,db_379
service_293,db_380
service_293,db_381
service_294,db_382
service_294,db_383
service_294,db_384
service_295,db_385
service_295,db_386
service_295,db_387
service_296,db_388
service_296,db_389
service_296,db_390
service_297,db_391
service_297,db_392
service_297,db_393
service_298,db_394
service_298,db_395
service_298,db_396
service_299,db_397
service_299,db_398
service_299,db_399
service_3,db_10
service_3,db_11
service_3,db_9
service_30,db_90
service_30,db_91
service_30,db_92
service_300,db_400
service_300,db_401
service_300,db_402
service_301,db_403
service_301,db_404
service_301,db_405
service_302,db_406
service_302,db_407
service_302,db_408
service_303,db_409
service_303,db_410
service_303,db_411
service_304,db_412
service_304,db_413
service_304,db_414
service_305,db_415
service_305,db_416
service_305,db_417
service_306,db_418
service_306,db_419
service_306,db_420
service_307,db_421
service_307,db_422
service_307,db_423
service_308,db_424
service_308,db_425
service_308,db_426
service_309,db_427
service_309,db_428
service_309,db_429
service_31,db_93
service_31,db_94
service_31,db_95
service_310,db_430
service_310,db_431
service_310,db_432
service_311,db_433
service_311,db_434
service_311,db_435
service_312,db_436
service_312,db_437
service_312,db_438
service_313,db_439
service_313,db_440
service_313,db_441
service_314,db_442
service_314,db_443
service_314,db_444
service_315,db_445
service_315,db_446
service_315,db_447
service_316,db_448
service_316,db_449
service_316,db_450
service_317,db_451
service_317,db_452
service_317,db_453
service_318,db_454
service_318,db_455
service_318,db_456
service_319,db_457
service_319,db_458
service_319,db_459
service_32,db_96
service_32,db_97
service_32,db_98
service_320,db_460
service_320,db_461
service_320,db_462
service_321,db_463
service_321,db_464
service_321,db_465
service_322,db_466
service_322,db_467
service_322,db_468
service_323,db_469
service_323,db_470
service_323,db_471
service_324,db_472
service_324,db_473
service_324,db_474
service_325,db_475
service_325,db_476
service_325,db_477
service_326,db_478
service_326,db_479
service_326,db_480
service_327,db_481
service_327,db_482
service_327,db_483
service_328,db_484
service_328,db_485
service_328,db_486
service_329,db_487
service_329,db_488
service_329,db_489
service_33,db_100
service_33,db_101
service_33,db_99
service_330,db_490
service_330,db_491
service_330,db_492
service_331,db_493
service_331,db_494
service_331,db_495
service_332,db_496
service_332,db_497
service_332,db_498
service_333,db_0
service_333,db_1
service_333,db_499
service_334,db_2
service_334,db_3
service_334,db_4
service_335,db_5
service_335,db_6
service_335,db_7
service_336,db_10
service_336,db_8
service_336,db_9
service_337,db_11
service_337,db_12
service_337,db_13
service_338,db_14
service_338,db_15
service_338,db_16
service_339,db_17
service_339,db_18
service_339,db_19
service_34,db_102
service_34,db_103
service_34,db_104
service_340,db_20
service_340,db_21
service_340,db_22
service_341,db_23
service_341,db_24
service_341,db_25
service_342,db_26
service_342,db_27
service_342,db_28
service_343,db_29
service_343,db_30
service_343,db_31
service_344,db_32
service_344,db_33
service_344,db_34
service_345,db_35
service_345,db_36
service_345,db_37
service_346,db_38
service_346,db_39
service_346,db_40
service_347,db_41
service_347,db_42
service_347,db_43
service_348,db_44
service_348,db_45
service_348,db_46
service_349,db_47
service_349,db_48
service_349,db_49
service_35,db_105
service_35,db_106
service_35,db_107
service_350,db_50
service_350,db_51
service_350,db_52
service_351,db_53
service_351,db_54
service_351,db_55
service_352,db_56
service_352,db_57
service_352,db_58
service_353,db_59
service_353,db_60
service_353,db_61
service_354,db_62
service_354,db_63
service_354,db_64
service_355,db_65
service_355,db_66
service_355,db_67
service_356,db_68
service_356,db_69
service_356,db_70
service_357,db_71
service_357,db_72
service_357,db_73
service_358,db_74
service_358,db_75
service_358,db_76
service_359,db_77
service_359,db_78
service_359,db_79
service_36,db_108
service_36,db_109
service_36,db_110
service_360,db_80
service_360,db_81
service_360,db_82
service_361,db_83
service_361,db_84
service_361,db_85
service_362,db_86
service_362,db_87
service_362,db_88
service_363,db_89
service_363,db_90
service_363,db_91
service_364,db_92
service_364,db_93
service_364,db_94
service_365,db_95
service_365,db_96
service_365,db_97
service_366,db_100
service_366,db_98
service_366,db_99
service_367,db_101
service_367,db_102
service_367,db_103
service_368,db_104
service_368,db_105
service_368,db_106
service_369,db_107
service_369,db_108
service_369,db_109
service_37,db_111
service_37,db_112
service_37,db_113
service_370,db_110
service_370,db_111
service_370,db_112
service_371,db_113
service_371,db_114
service_371,db_115
service_372,db_116
service_372,db_117
service_372,db_118
service_373,db_119
service_373,db_120
service_373,db_121
service_374,db_122
service_374,db_123
service_374,db_124
service_375,db_125
service_375,db_126
service_375,db_127
service_376,db_128
service_376,db_129
service_376,db_130
service_377,db_131
service_377,db_132
service_377,db_133
service_378,db_134
service_378,db_135
service_378,db_136
service_379,db_137
service_379,db_138
service_379,db_139
service_38,db_114
service_38,db_115
service_38,db_116
service_380,db_140
service_380,db_141
service_380,db_142
service_381,db_143
service_381,db_144
service_381,db_145
service_382,db_146
service_382,db_147
service_382,db_148
service_383,db_149
service_383,db_150
service_383,db_151
service_384,db_152
service_384,db_153
service_384,db_154
service_385,db_155
service_385,db_156
service_385,db_157
service_386,db_158
service_386,db_159
service_386,db_160
service_387,db_161
service_387,db_162
service_387,db_163
service_388,db_164
service_388,db_165
service_388,db_166
service_389,db_167
service_389,db_168
service_389,db_169
service_39,db_117
service_39,db_118
service_39,db_119
service_390,db_170
service_390,db_171
service_390,db_172
service_391,db_173
service_391,db_174
service_391,db_175
service_392,db_176
service_392,db_177
service_392,db_178
service_393,db_179
service_393,db_180
service_393,db_181
service_394,db_182
service_394,db_183
service_394,db_184
service_395,db_185
service_395,db_186
service_395,db_187
service_396,db_188
service_396,db_189
service_396,db_190
service_397,db_191
service_397,db_192
service_397,db_193
service_398,db_194
service_398,db_195
service_398,db_196
service_399,db_197
service_399,db_198
service_399,db_199
service_4,db_12
service_4,db_13
service_4,db_14
service_40,db_120
service_40,db_121
service_40,db_122
service_400,db_200
service_400,db_201
service_400,db_202
service_401,db_203
service_401,db_204
service_401,db_205
service_402,db_206
service_402,db_207
service_402,db_208
service_403,db_209
service_403,db_210
service_403,db_211
service_404,db_212
service_404,db_213
service_404,db_214
service_405,db_215
service_405,db_216
service_405,db_217
service_406,db_218
service_406,db_219
service_406,db_220
service_407,db_221
service_407,db_222
service_407,db_223
service_408,db_224
service_408,db_225
service_408,db_226
service_409,db_227
service_409,db_228
service_409,db_229
service_41,db_123
service_41,db_124
service_41,db_125
service_410,db_230
service_410,db_231
service_410,db_232
service_411,db_233
service_411,db_234
service_411,db_235
service_412,db_236
service_412,db_237
service_412,db_238
service_413,db_239
service_413,db_240
service_413,db_241
service_414,db_242
service_414,db_243
service_414,db_244
service_415,db_245
service_415,db_246
service_415,db_247
service_416,db_248
service_416,db_249
service_416,db_250
service_417,db_251
service_417,db_252
service_417,db_253
service_418,db_254
service_418,db_255
service_418,db_256
service_419,db_257
service_419,db_258
service_419,db_259
service_42,db_126
service_42,db_127
service_42,db_128
service_420,db_260
service_420,db_261
service_420,db_262
service_421,db_263
service_421,db_264
service_421,db_265
service_422,db_266
service_422,db_267
service_422,db_268
service_423,db_269
service_423,db_270
service_423,db_271
service_424,db_272
service_424,db_273
service_424,db_274
service_425,db_275
service_425,db_276
service_425,db_277
service_426,db_278
service_426,db_279
service_426,db_280
service_427,db_281
service_427,db_282
service_427,db_283
service_428,db_284
service_428,db_285
service_428,db_286
service_429,db_287
service_429,db_288
service_429,db_289
service_43,db_129
service_43,db_130
service_43,db_131
service_430,db_290
service_430,db_291
service_430,db_292
service_431,db_293
service_431,db_294
service_431,db_295
service_432,db_296
service_432,db_297
service_432,db_298
service_433,db_299
service_433,db_300
service_433,db_301
service_434,db_302
service_434,db_303
service_434,db_304
service_435,db_305
service_435,db_306
service_435,db_307
service_436,db_308
service_436,db_309
service_436,db_310
service_437,db_311
service_437,db_312
service_437,db_313
service_438,db_314
service_438,db_315
service_438,db_316
service_439,db_317
service_439,db_318
service_439,db_319
service_44,db_132
service_44,db_133
service_44,db_134
service_440,db_320
service_440,db_321
service_440,db_322
service_441,db_323
service_441,db_324
service_441,db_325
service_442,db_326
service_442,db_327
service_442,db_328
service_443,db_329
service_443,db_330
service_443,db_331
service_444,db_332
service_444,db_333
service_444,db_334
service_445,db_335
service_445,db_336
service_445,db_337
service_446,db_338
service_446,db_339
service_446,db_340
service_447,db_341
service_447,db_342
service_447,db_343
service_448,db_344
service_448,db_345
service_448,db_346
service_449,db_347
service_449,db_348
service_449,db_349
service_45,db_135
service_45,db_136
service_45,db_137
service_450,db_350
service_450,db_351
service_450,db_352
service_451,db_353
service_451,db_354
service_451,db_355
service_452,db_356
service_452,db_357
service_452,db_358
service_453,db_359
service_453,db_360
service_453,db_361
service_454,db_362
service_454,db_363
service_454,db_364
service_455,db_365
service_455,db_366
service_455,db_367
service_456,db_368
service_456,db_369
service_456,db_370
service_457,db_371
service_457,db_372
service_457,db_373
service_458,db_374
service_458,db_375
service_458,db_376
service_459,db_377
service_459,db_378
service_459,db_379
service_46,db_138
service_46,db_139
service_46,db_140
service_460,db_380
service_460,db_381
service_460,db_382
service_461,db_383
service_461,db_384
service_461,db_385
service_462,db_386
service_462,db_387
service_462,db_388
service_463,db_389
service_463,db_390
service_463,db_391
service_464,db_392
service_464,db_393
service_464,db_394
service_465,db_395
service_465,db_396
service_465,db_397
service_466,db_398
service_466,db_399
service_466,db_400
service_467,db_401
service_467,db_402
service_467,db_403
service_468,db_404
service_468,db_405
service_468,db_406
service_469,db_407
service_469,db_408
service_469,db_409
service_47,db_141
service_47,db_142
service_47,db_143
service_470,db_410
service_470,db_411
service_470,db_412
service_471,db_413
service_471,db_414
service_471,db_415
service_472,db_416
service_472,db_417
service_472,db_418
service_473,db_419
service_473,db_420
service_473,db_421
service_474,db_422
service_474,db_423
service_474,db_424
service_475,db_425
service_475,db_426
service_475,db_427
service_476,db_428
service_476,db_429
service_476,db_430
service_477,db_431
service_477,db_432
service_477,db_433
service_478,db_434
service_478,db_435
service_478,db_436
service_479,db_437
service_479,db_438
service_479,db_439
service_48,db_144
service_48,db_145
service_48,db_146
service_480,db_440
service_480,db_441
service_480,db_442
service_481,db_443
service_481,db_444
service_481,db_445
service_482,db_446
service_482,db_447
service_482,db_448
service_483,db_449
service_483,db_450
service_483,db_451
service_484,db_452
service_484,db_453
service_484,db_454
service_485,db_455
service_485,db_456
service_485,db_457
service_486,db_458
service_486,db_459
service_486,db_460
service_487,db_461
service_487,db_462
service_487,db_463
service_488,db_464
service_488,db_465
service_488,db_466
service_489,db_467
service_489,db_468
service_489,db_469
service_49,db_147
service_49,db_148
service_49,db_149
service_490,db_470
service_490,db_471
service_490,db_472
service_491,db_473
service_491,db_474
service_491,db_475
service_492,db_476
service_492,db_477
service_492,db_478
service_493,db_479
service_493,db_480
service_493,db_481
service_494,db_482
service_494,db_483
service_494,db_484
service_495,db_485
service_495,db_486
service_495,db_487
service_496,db_488
service_496,db_489
service_496,db_490
service_497,db_491
service_497,db_492
service_497,db_493
service_498,db_494
service_498,db_495
service_498,db_496
service_499,db_497
service_499,db_498
service_499,db_499
service_5,db_15
service_5,db_16
service_5,db_17
service_50,db_150
service_50,db_151
service_50,db_152
service_500,db_0
service_500,db_1
service_500,db_2
service_501,db_3
service_501,db_4
service_501,db_5
service_502,db_6
service_502,db_7
service_502,db_8
service_503,db_10
service_503,db_11
service_503,db_9
service_504,db_12
service_504,db_13
service_504,db_14
service_505,db_15
service_505,db_16
service_505,db_17
service_506,db_18
service_506,db_19
service_506,db_20
service_507,db_21
service_507,db_22
service_507,db_23
service_508,db_24
service_508,db_25
service_508,db_26
service_509,db_27
service_509,db_28
service_509,db_29
service_51,db_153
service_51,db_154
service_51,db_155
service_510,db_30
service_510,db_31
service_510,db_32
service_511,db_33
service_511,db_34
service_511,db_35
service_512,db_36
service_512,db_37
service_512,db_38
service_513,db_39
service_513,db_40
service_513,db_41
service_514,db_42
service_514,db_43
service_514,db_44
service_515,db_45
service_515,db_46
service_515,db_47
service_516,db_48
service_516,db_49
service_516,db_50
service_517,db_51
service_517,db_52
service_517,db_53
service_518,db_54
service_518,db_55
service_518,db_56
service_519,db_57
service_519,db_58
service_519,db_59
service_52,db_156
service_52,db_157
service_52,db_158
service_520,db_60
service_520,db_61
service_520,db_62
service_521,db_63
service_521,db_64
service_521,db_65
service_522,db_66
service_522,db_67
service_522,db_68
service_523,db_69
service_523,db_70
service_523,db_71
service_524,db_72
service_524,db_73
service_524,db_74
service_525,db_75
service_525,db_76
service_525,db_77
service_526,db_78
service_526,db_79
service_526,db_80
service_527,db_81
service_527,db_82
service_527,db_83
service_528,db_84
service_528,db_85
service_528,db_86
service_529,db_87
service_529,db_88
service_529,db_89
service_53,db_159
service_53,db_160
service_53,db_161
service_530,db_90
service_530,db_91
service_530,db_92
service_531,db_93
service_531,db_94
service_531,db_95
service_532,db_96
service_532,db_97
service_532,db_98
service_533,db_100
service_533,db_101
service_533,db_99
service_534,db_102
service_534,db_103
service_534,db_104
service_535,db_105
service_535,db_106
service_535,db_107
service_536,db_108
service_536,db_109
service_536,db_110
service_537,db_111
service_537,db_112
service_537,db_113
service_538,db_114
service_538,db_115
service_538,db_116
service_539,db_117
service_539,db_118
service_539,db_119
service_54,db_162
service_54,db_163
service_54,db_164
service_540,db_120
service_540,db_121
service_540,db_122
service_541,db_123
service_541,db_124
service_541,db_125
service_542,db_126
service_542,db_127
service_542,db_128
service_543,db_129
service_543,db_130
service_543,db_131
service_544,db_132
service_544,db_133
service_544,db_134
service_545,db_135
service_545,db_136
service_545,db_137
service_546,db_138
service_546,db_139
service_546,db_140
service_547,db_141
service_547,db_142
service_547,db_143
service_548,db_144
service_548,db_145
service_548,db_146
service_549,db_147
service_549,db_148
service_549,db_149
service_55,db_165
service_55,db_166
service_55,db_167
service_550,db_150
service_550,db_151
service_550,db_152
service_551,db_153
service_551,db_154
service_551,db_155
service_552,db_156
service_552,db_157
service_552,db_158
service_553,db_159
service_553,db_160
service_553,db_161
service_554,db_162
service_554,db_163
service_554,db_164
service_555,db_165
service_555,db_166
service_555,db_167
service_556,db_168
service_556,db_169
service_556,db_170
service_557,db_171
service_557,db_172
service_557,db_173
service_558,db_174
service_558,db_175
service_558,db_176
service_559,db_177
service_559,db_178
service_559,db_179
service_56,db_168
service_56,db_169
service_56,db_170
service_560,db_180
service_560,db_181
service_560,db_182
service_561,db_183
service_561,db_184
service_561,db_185
service_562,db_186
service_562,db_187
service_562,db_188
service_563,db_189
service_563,db_190
service_563,db_191
service_564,db_192
service_564,db_193
service_564,db_194
service_565,db_195
service_565,db_196
service_565,db_197
service_566,db_198
service_566,db_199
service_566,db_200
service_567,db_201
service_567,db_202
service_567,db_203
service_568,db_204
service_568,db_205
service_568,db_206
service_569,db_207
service_569,db_208
service_569,db_209
service_57,db_171
service_57,db_172
service_57,db_173
service_570,db_210
service_570,db_211
service_570,db_212
service_571,db_213
service_571,db_214
service_571,db_215
service_572,db_216
service_572,db_217
service_572,db_218
service_573,db_219
service_573,db_220
service_573,db_221
service_574,db_222
service_574,db_223
service_574,db_224
service_575,db_225
service_575,db_226
service_575,db_227
service_576,db_228
service_576,db_229
service_576,db_230
service_577,db_231
service_577,db_232
service_577,db_233
service_578,db_234
service_578,db_235
service_578,db_236
service_579,db_237
service_579,db_238
service_579,db_239
service_58,db_174
service_58,db_175
service_58,db_176
service_580,db_240
service_580,db_241
service_580,db_242
service_581,db_243
service_581,db_244
service_581,db_245
service_582,db_246
service_582,db_247
service_582,db_248
service_583,db_249
service_583,db_250
service_583,db_251
service_584,db_252
service_584,db_253
service_584,db_254
service_585,db_255
service_585,db_256
service_585,db_257
service_586,db_258
service_586,db_259
service_586,db_260
service_587,db_261
service_587,db_262
service_587,db_263
service_588,db_264
service_588,db_265
service_588,db_266
service_589,db_267
service_589,db_268
service_589,db_269
service_59,db_177
service_59,db_178
service_59,db_179
service_590,db_270
service_590,db_271
service_590,db_272
service_591,db_273
service_591,db_274
service_591,db_275
service_592,db_276
service_592,db_277
service_592,db_278
service_593,db_279
service_593,db_280
service_593,db_281
service_594,db_282
service_594,db_283
service_594,db_284
service_595,db_285
service_595,db_286
service_595,db_287
service_596,db_288
service_596,db_289
service_596,db_290
service_597,db_291
service_597,db_292
service_597,db_293
service_598,db_294
service_598,db_295
service_598,db_296
service_599,db_297
service_599,db_298
service_599,db_299
service_6,db_18
service_6,db_19
service_6,db_20
service_60,db_180
service_60,db_181
service_60,db_182
service_600,db_300
service_600,db_301
service_600,db_302
service_601,db_303
service_601,db_304
service_601,db_305
service_602,db_306
service_602,db_307
service_602,db_308
service_603,db_309
service_603,db_310
service_603,db_311
service_604,db_312
service_604,db_313
service_604,db_314
service_605,db_315
service_605,db_316
service_605,db_317
service_606,db_318
service_606,db_319
service_606,db_320
service_607,db_321
service_607,db_322
service_607,db_323
service_608,db_324
service_608,db_325
service_608,db_326
service_609,db_327
service_609,db_328
service_609,db_329
service_61,db_183
service_61,db_184
service_61,db_185
service_610,db_330
service_610,db_331
service_610,db_332
service_611,db_333
service_611,db_334
service_611,db_335
service_612,db_336
service_612,db_337
service_612,db_338
service_613,db_339
service_613,db_340
service_613,db_341
service_614,db_342
service_614,db_343
service_614,db_344
service_615,db_345
service_615,db_346
service_615,db_347
service_616,db_348
service_616,db_349
service_616,db_350
service_617,db_351
service_617,db_352
service_617,db_353
service_618,db_354
service_618,db_355
service_618,db_356
service_619,db_357
service_619,db_358
service_619,db_359
service_62,db_186
service_62,db_187
service_62,db_188
service_620,db_360
service_620,db_361
service_620,db_362
service_621,db_363
service_621,db_364
service_621,db_365
service_622,db_366
service_622,db_367
service_622,db_368
service_623,db_369
service_623,db_370
service_623,db_371
service_624,db_372
service_624,db_373
service_624,db_374
service_625,db_375
service_625,db_376
service_625,db_377
service_626,db_378
service_626,db_379
service_626,db_380
service_627,db_381
service_627,db_382
service_627,db_383
service_628,db_384
service_628,db_385
service_628,db_386
service_629,db_387
service_629,db_388
service_629,db_389
service_63,db_189
service_63,db_190
service_63,db_191
service_630,db_390
service_630,db_391
service_630,db_392
service_631,db_393
service_631,db_394
service_631,db_395
service_632,db_396
service_632,db_397
service_632,db_398
service_633,db_399
service_633,db_400
service_633,db_401
service_634,db_402
service_634,db_403
service_634,db_404
service_635,db_405
service_635,db_406
service_635,db_407
service_636,db_408
service_636,db_409
service_636,db_410
service_637,db_411
service_637,db_412
service_637,db_413
service_638,db_414
service_638,db_415
service_638,db_416
service_639,db_417
service_639,db_418
service_639,db_419
service_64,db_192
service_64,db_193
service_64,db_194
service_640,db_420
service_640,db_421
service_640,db_422
service_641,db_423
service_641,db_424
service_641,db_425
service_642,db_426
service_642,db_427
service_642,db_428
service_643,db_429
service_643,db_430
service_643,db_431
service_644,db_432
service_644,db_433
service_644,db_434
service_645,db_435
service_645,db_436
service_645,db_437
service_646,db_438
service_646,db_439
service_646,db_440
service_647,db_441
service_647,db_442
service_647,db_443
service_648,db_444
service_648,db_445
service_648,db_446
service_649,db_447
service_649,db_448
service_649,db_449
service_65,db_195
service_65,db_196
service_65,db_197
service_650,db_450
service_650,db_451
service_650,db_452
service_651,db_453
service_651,db_454
service_651,db_455
service_652,db_456
service_652,db_457
service_652,db_458
service_653,db_459
service_653,db_460
service_653,db_461
service_654,db_462
service_654,db_463
service_654,db_464
service_655,db_465
service_655,db_466
service_655,db_467
service_656,db_468
service_656,db_469
service_656,db_470
service_657,db_471
service_657,db_472
service_657,db_473
service_658,db_474
service_658,db_475
service_658,db_476
service_659,db_477
service_659,db_478
service_659,db_479
service_66,db_198
service_66,db_199
service_66,db_200
service_660,db_480
service_660,db_481
service_660,db_482
service_661,db_483
service_661,db_484
service_661,db_485
service_662,db_486
service_662,db_487
service_662,db_488
service_663,db_489
service_663,db_490
service_663,db_491
service_664,db_492
service_664,db_493
service_664,db_494
service_665,db_495
service_665,db_496
service_665,db_497
service_666,db_0
service_666,db_498
service_666,db_499
service_667,db_1
service_667,db_2
service_667,db_3
service_668,db_4
service_668,db_5
service_668,db_6
service_669,db_7
service_669,db_8
service_669,db_9
service_67,db_201
service_67,db_202
service_67,db_203
service_670,db_10
service_670,db_11
service_670,db_12
service_671,db_13
service_671,db_14
service_671,db_15
service_672,db_16
service_672,db_17
service_672,db_18
service_673,db_19
service_673,db_20
service_673,db_21
service_674,db_22
service_674,db_23
service_674,db_24
service_675,db_25
service_675,db_26
service_675,db_27
service_676,db_28
service_676,db_29
service_676,db_30
service_677,db_31
service_677,db_32
service_677,db_33
service_678,db_34
service_678,db_35
service_678,db_36
service_679,db_37
service_679,db_38
service_679,db_39
service_68,db_204
service_68,db_205
service_68,db_206
service_680,db_40
service_680,db_41
service_680,db_42
service_681,db_43
service_681,db_44
service_681,db_45
service_682,db_46
service_682,db_47
service_682,db_48
service_683,db_49
service_683,db_50
service_683,db_51
service_684,db_52
service_684,db_53
service_684,db_54
service_685,db_55
service_685,db_56
service_685,db_57
service_686,db_58
service_686,db_59
service_686,db_60
service_687,db_61
service_687,db_62
service_687,db_63
service_688,db_64
service_688,db_65
service_688,db_66
service_689,db_67
service_689,db_68
service_689,db_69
service_69,db_207
service_69,db_208
service_69,db_209
service_690,db_70
service_690,db_71
service_690,db_72
service_691,db_73
service_691,db_74
service_691,db_75
service_692,db_76
service_692,db_77
service_692,db_78
service_693,db_79
service_693,db_80
service_693,db_81
service_694,db_82
service_694,db_83
service_694,db_84
service_695,db_85
service_695,db_86
service_695,db_87
service_696,db_88
service_696,db_89
service_696,db_90
service_697,db_91
service_697,db_92
service_697,db_93
service_698,db_94
service_698,db_95
service_698,db_96
service_699,db_97
service_699,db_98
service_699,db_99
service_7,db_21
service_7,db_22
service_7,db_23
service_70,db_210
service_70,db_211
service_70,db_212
service_700,db_100
service_700,db_101
service_700,db_102
service_701,db_103
service_701,db_104
service_701,db_105
service_702,db_106
service_702,db_107
service_702,db_108
service_703,db_109
service_703,db_110
service_703,db_111
service_704,db_112
service_704,db_113
service_704,db_114
service_705,db_115
service_705,db_116
service_705,db_117
service_706,db_118
service_706,db_119
service_706,db_120
service_707,db_121
service_707,db_122
service_707,db_123
service_708,db_124
service_708,db_125
service_708,db_126
service_709,db_127
service_709,db_128
service_709,db_129
service_71,db_213
service_71,db_214
service_71,db_215
service_710,db_130
service_710,db_131
service_710,db_132
service_711,db_133
service_711,db_134
service_711,db_135
service_712,db_136
service_712,db_137
service_712,db_138
service_713,db_139
service_713,db_140
service_713,db_141
service_714,db_142
service_714,db_143
service_714,db_144
service_715,db_145
service_715,db_146
service_715,db_147
service_716,db_148
service_716,db_149
service_716,db_150
service_717,db_151
service_717,db_152
service_717,db_153
service_718,db_154
service_718,db_155
service_718,db_156
service_719,db_157
service_719,db_158
service_719,db_159
service_72,db_216
service_72,db_217
service_72,db_218
service_720,db_160
service_720,db_161
service_720,db_162
service_721,db_163
service_721,db_164
service_721,db_165
service_722,db_166
service_722,db_167
service_722,db_168
service_723,db_169
service_723,db_170
service_723,db_171
service_724,db_172
service_724,db_173
service_724,db_174
service_725,db_175
service_725,db_176
service_725,db_177
service_726,db_178
service_726,db_179
service_726,db_180
service_727,db_181
service_727,db_182
service_727,db_183
service_728,db_184
service_728,db_185
service_728,db_186
service_729,db_187
service_729,db_188
service_729,db_189
service_73,db_219
service_73,db_220
service_73,db_221
service_730,db_190
service_730,db_191
service_730,db_192
service_731,db_193
service_731,db_194
service_731,db_195
service_732,db_196
service_732,db_197
service_732,db_198
service_733,db_199
service_733,db_200
service_733,db_201
service_734,db_202
service_734,db_203
service_734,db_204
service_735,db_205
service_735,db_206
service_735,db_207
service_736,db_208
service_736,db_209
service_736,db_210
service_737,db_211
service_737,db_212
service_737,db_213
service_738,db_214
service_738,db_215
service_738,db_216
service_739,db_217
service_739,db_218
service_739,db_219
service_74,db_222
service_74,db_223
service_74,db_224
service_740,db_220
service_740,db_221
service_740,db_222
service_741,db_223
service_741,db_224
service_741,db_225
service_742,db_226
service_742,db_227
service_742,db_228
service_743,db_229
service_743,db_230
service_743,db_231
service_744,db_232
service_744,db_233
service_744,db_234
service_745,db_235
service_745,db_236
service_745,db_237
service_746,db_238
service_746,db_239
service_746,db_240
service_747,db_241
service_747,db_242
service_747,db_243
service_748,db_244
service_748,db_245
service_748,db_246
service_749,db_247
service_749,db_248
service_749,db_249
service_75,db_225
service_75,db_226
service_75,db_227
service_750,db_250
service_750,db_251
service_750,db_252
service_751,db_253
service_751,db_254
service_751,db_255
service_752,db_256
service_752,db_257
service_752,db_258
service_753,db_259
service_753,db_260
service_753,db_261
service_754,db_262
service_754,db_263
service_754,db_264
service_755,db_265
service_755,db_266
service_755,db_267
service_756,db_268
service_756,db_269
service_756,db_270
service_757,db_271
service_757,db_272
service_757,db_273
service_758,db_274
service_758,db_275
service_758,db_276
service_759,db_277
service_759,db_278
service_759,db_279
service_76,db_228
service_76,db_229
service_76,db_230
service_760,db_280
service_760,db_281
service_760,db_282
service_761,db_283
service_761,db_284
service_761,db_285
service_762,db_286
service_762,db_287
service_762,db_288
service_763,db_289
service_763,db_290
service_763,db_291
service_764,db_292
service_764,db_293
service_764,db_294
service_765,db_295
service_765,db_296
service_765,db_297
service_766,db_298
service_766,db_299
service_766,db_300
service_767,db_301
service_767,db_302
service_767,db_303
service_768,db_304
service_768,db_305
service_768,db_306
service_769,db_307
service_769,db_308
service_769,db_309
service_77,db_231
service_77,db_232
service_77,db_233
service_770,db_310
service_770,db_311
service_770,db_312
service_771,db_313
service_771,db_314
service_771,db_315
service_772,db_316
service_772,db_317
service_772,db_318
service_773,db_319
service_773,db_320
service_773,db_321
service_774,db_322
service_774,db_323
service_774,db_324
service_775,db_325
service_775,db_326
service_775,db_327
service_776,db_328
service_776,db_329
service_776,db_330
service_777,db_331
service_777,db_332
service_777,db_333
service_778,db_334
service_778,db_335
service_778,db_336
service_779,db_337
service_779,db_338
service_779,db_339
service_78,db_234
service_78,db_235
service_78,db_236
service_780,db_340
service_780,db_341
service_780,db_342
service_781,db_343
service_781,db_344
service_781,db_345
service_782,db_346
service_782,db_347
service_782,db_348
service_783,db_349
service_783,db_350
service_783,db_351
service_784,db_352
service_784,db_353
service_784,db_354
service_785,db_355
service_785,db_356
service_785,db_357
service_786,db_358
service_786,db_359
service_786,db_360
service_787,db_361
service_787,db_362
service_787,db_363
service_788,db_364
service_788,db_365
service_788,db_366
service_789,db_367
service_789,db_368
service_789,db_369
service_79,db_237
service_79,db_238
service_79,db_239
service_790,db_370
service_790,db_371
service_790,db_372
service_791,db_373
service_791,db_374
service_791,db_375
service_792,db_376
service_792,db_377
service_792,db_378
service_793,db_379
service_793,db_380
service_793,db_381
service_794,db_382
service_794,db_383
service_794,db_384
service_795,db_385
service_795,db_386
service_795,db_387
service_796,db_388
service_796,db_389
service_796,db_390
service_797,db_391
service_797,db_392
service_797,db_393
service_798,db_394
service_798,db_395
service_798,db_396
service_799,db_397
service_799,db_398
service_799,db_399
service_8,db_24
service_8,db_25
service_8,db_26
service_80,db_240
service_80,db_241
service_80,db_242
service_800,db_400
service_800,db_401
service_800,db_402
service_801,db_403
service_801,db_404
service_801,db_405
service_802,db_406
service_802,db_407
service_802,db_408
service_803,db_409
service_803,db_410
service_803,db_411
service_804,db_412
service_804,db_413
service_804,db_414
service_805,db_415
service_805,db_416
service_805,db_417
service_806,db_418
service_806,db_419
service_806,db_420
service_807,db_421
service_807,db_422
service_807,db_423
service_808,db_424
service_808,db_425
service_808,db_426
service_809,db_427
service_809,db_428
service_809,db_429
service_81,db_243
service_81,db_244
service_81,db_245
service_810,db_430
service_810,db_431
service_810,db_432
service_811,db_433
service_811,db_434
service_811,db_435
service_812,db_436
service_812,db_437
service_812,db_438
service_813,db_439
service_813,db_440
service_813,db_441
service_814,db_442
service_814,db_443
service_814,db_444
service_815,db_445
service_815,db_446
service_815,db_447
service_816,db_448
service_816,db_449
service_816,db_450
service_817,db_451
service_817,db_452
service_817,db_453
service_818,db_454
service_818,db_455
service_818,db_456
service_819,db_457
service_819,db_458
service_819,db_459
service_82,db_246
service_82,db_247
service_82,db_248
service_820,db_460
service_820,db_461
service_820,db_462
service_821,db_463
service_821,db_464
service_821,db_465
service_822,db_466
service_822,db_467
service_822,db_468
service_823,db_469
service_823,db_470
service_823,db_471
service_824,db_472
service_824,db_473
service_824,db_474
service_825,db_475
service_825,db_476
service_825,db_477
service_826,db_478
service_826,db_479
service_826,db_480
service_827,db_481
service_827,db_482
service_827,db_483
service_828,db_484
service_828,db_485
service_828,db_486
service_829,db_487
service_829,db_488
service_829,db_489
service_83,db_249
service_83,db_250
service_83,db_251
service_830,db_490
service_830,db_491
service_830,db_492
service_831,db_493
service_831,db_494
service_831,db_495
service_832,db_496
service_832,db_497
service_832,db_498
service_833,db_0
service_833,db_1
service_833,db_499
service_834,db_2
service_834,db_3
service_834,db_4
service_835,db_5
service_835,db_6
service_835,db_7
service_836,db_10
service_836,db_8
service_836,db_9
service_837,db_11
service_837,db_12
service_837,db_13
service_838,db_14
service_838,db_15
service_838,db_16
service_839,db_17
service_839,db_18
service_839,db_19
service_84,db_252
service_84,db_253
service_84,db_254
service_840,db_20
service_840,db_21
service_840,db_22
service_841,db_23
service_841,db_24
service_841,db_25
service_842,db_26
service_842,db_27
service_842,db_28
service_843,db_29
service_843,db_30
service_843,db_31
service_844,db_32
service_844,db_33
service_844,db_34
service_845,db_35
service_845,db_36
service_845,db_37
service_846,db_38
service_846,db_39
service_846,db_40
service_847,db_41
service_847,db_42
service_847,db_43
service_848,db_44
service_848,db_45
service_848,db_46
service_849,db_47
service_849,db_48
service_849,db_49
service_85,db_255
service_85,db_256
service_85,db_257
service_850,db_50
service_850,db_51
service_850,db_52
service_851,db_53
service_851,db_54
service_851,db_55
service_852,db_56
service_852,db_57
service_852,db_58
service_853,db_59
service_853,db_60
service_853,db_61
service_854,db_62
service_854,db_63
service_854,db_64
service_855,db_65
service_855,db_66
service_855,db_67
service_856,db_68
service_856,db_69
service_856,db_70
service_857,db_71
service_857,db_72
service_857,db_73
service_858,db_74
service_858,db_75
service_858,db_76
service_859,db_77
service_859,db_78
service_859,db_79
service_86,db_258
service_86,db_259
service_86,db_260
service_860,db_80
service_860,db_81
service_860,db_82
service_861,db_83
service_861,db_84
service_861,db_85
service_862,db_86
service_862,db_87
service_862,db_88
service_863,db_89
service_863,db_90
service_863,db_91
service_864,db_92
service_864,db_93
service_864,db_94
service_865,db_95
service_865,db_96
service_865,db_97
service_866,db_100
service_866,db_98
service_866,db_99
service_867,db_101
service_867,db_102
service_867,db_103
service_868,db_104
service_868,db_105
service_868,db_106
service_869,db_107
service_869,db_108
service_869,db_109
service_87,db_261
service_87,db_262
service_87,db_263
service_870,db_110
service_870,db_111
service_870,db_112
service_871,db_113
service_871,db_114
service_871,db_115
service_872,db_116
service_872,db_117
service_872,db_118
service_873,db_119
service_873,db_120
service_873,db_121
service_874,db_122
service_874,db_123
service_874,db_124
service_875,db_125
service_875,db_126
service_875,db_127
service_876,db_128
service_876,db_129
service_876,db_130
service_877,db_131
service_877,db_132
service_877,db_133
service_878,db_134
service_878,db_135
service_878,db_136
service_879,db_137
service_879,db_138
service_879,db_139
service_88,db_264
service_88,db_265
service_88,db_266
service_880,db_140
service_880,db_141
service_880,db_142
service_881,db_143
service_881,db_144
service_881,db_145
service_882,db_146
service_882,db_147
service_882,db_148
service_883,db_149
service_883,db_150
service_883,db_151
service_884,db_152
service_884,db_153
service_884,db_154
service_885,db_155
service_885,db_156
service_885,db_157
service_886,db_158
service_886,db_159
service_886,db_160
service_887,db_161
service_887,db_162
service_887,db_163
service_888,db_164
service_888,db_165
service_888,db_166
service_889,db_167
service_889,db_168
service_889,db_169
service_89,db_267
service_89,db_268
service_89,db_269
service_890,db_170
service_890,db_171
service_890,db_172
service_891,db_173
service_891,db_174
service_891,db_175
service_892,db_176
service_892,db_177
service_892,db_178
service_893,db_179
service_893,db_180
service_893,db_181
service_894,db_182
service_894,db_183
service_894,db_184
service_895,db_185
service_895,db_186
service_895,db_187
service_896,db_188
service_896,db_189
service_896,db_190
service_897,db_191
service_897,db_192
service_897,db_193
service_898,db_194
service_898,db_195
service_898,db_196
service_899,db_197
service_899,db_198
service_899,db_199
service_9,db_27
service_9,db_28
service_9,db_29
service_90,db_270
service_90,db_271
service_90,db_272
service_900,db_200
service_900,db_201
service_900,db_202
service_901,db_203
service_901,db_204
service_901,db_205
service_902,db_206
service_902,db_207
service_902,db_208
service_903,db_209
service_903,db_210
service_903,db_211
service_904,db_212
service_904,db_213
service_904,db_214
service_905,db_215
service_905,db_216
service_905,db_217
service_906,db_218
service_906,db_219
service_906,db_220
service_907,db_221
service_907,db_222
service_907,db_223
service_908,db_224
service_908,db_225
service_908,db_226
service_909,db_227
service_909,db_228
service_909,db_229
service_91,db_273
service_91,db_274
service_91,db_275
service_910,db_230
service_910,db_231
service_910,db_232
service_911,db_233
service_911,db_234
service_911,db_235
service_912,db_236
service_912,db_237
service_912,db_238
service_913,db_239
service_913,db_240
service_913,db_241
service_914,db_242
service_914,db_243
service_914,db_244
service_915,db_245
service_915,db_246
service_915,db_247
service_916,db_248
service_916,db_249
service_916,db_250
service_917,db_251
service_917,db_252
service_917,db_253
service_918,db_254
service_918,db_255
service_918,db_256
service_919,db_257
service_919,db_258
service_919,db_259
service_92,db_276
service_92,db_277
service_92,db_278
service_920,db_260
service_920,db_261
service_920,db_262
service_921,db_263
service_921,db_264
service_921,db_265
service_922,db_266
service_922,db_267
service_922,db_268
service_923,db_269
service_923,db_270
service_923,db_271
service_924,db_272
service_924,db_273
service_924,db_274
service_925,db_275
service_925,db_276
service_925,db_277
service_926,db_278
service_926,db_279
service_926,db_280
service_927,db_281
service_927,db_282
service_927,db_283
service_928,db_284
service_928,db_285
service_928,db_286
service_929,db_287
service_929,db_288
service_929,db_289
service_93,db_279
service_93,db_280
service_93,db_281
service_930,db_290
service_930,db_291
service_930,db_292
service_931,db_293
service_931,db_294
service_931,db_295
service_932,db_296
service_932,db_297
service_932,db_298
service_933,db_299
service_933,db_300
service_933,db_301
service_934,db_302
service_934,db_303
service_934,db_304
service_935,db_305
service_935,db_306
service_935,db_307
service_936,db_308
service_936,db_309
service_936,db_310
service_937,db_311
service_937,db_312
service_937,db_313
service_938,db_314
service_938,db_315
service_938,db_316
service_939,db_317
service_939,db_318
service_939,db_319
service_94,db_282
service_94,db_283
service_94,db_284
service_940,db_320
service_940,db_321
service_940,db_322
service_941,db_323
service_941,db_324
service_941,db_325
service_942,db_326
service_942,db_327
service_942,db_328
service_943,db_329
service_943,db_330
service_943,db_331
service_944,db_332
service_944,db_333
service_944,db_334
service_945,db_335
service_945,db_336
service_945,db_337
service_946,db_338
service_946,db_339
service_946,db_340
service_947,db_341
service_947,db_342
service_947,db_343
service_948,db_344
service_948,db_345
service_948,db_346
service_949,db_347
service_949,db_348
service_949,db_349
service_95,db_285
service_95,db_286
service_95,db_287
service_950,db_350
service_950,db_351
service_950,db_352
service_951,db_353
service_951,db_354
service_951,db_355
service_952,db_356
service_952,db_357
service_952,db_358
service_953,db_359
service_953,db_360
service_953,db_361
service_954,db_362
service_954,db_363
service_954,db_364
service_955,db_365
service_955,db_366
service_955,db_367
service_956,db_368
service_956,db_369
service_956,db_370
service_957,db_371
service_957,db_372
service_957,db_373
service_958,db_374
service_958,db_375
service_958,db_376
service_959,db_377
service_959,db_378
service_959,db_379
service_96,db_288
service_96,db_289
service_96,db_290
service_960,db_380
service_960,db_381
service_960,db_382
service_961,db_383
service_961,db_384
service_961,db_385
service_962,db_386
service_962,db_387
service_962,db_388
service_963,db_389
service_963,db_390
service_963,db_391
service_964,db_392
service_964,db_393
service_964,db_394
service_965,db_395
service_965,db_396
service_965,db_397
service_966,db_398
service_966,db_399
service_966,db_400
service_967,db_401
service_967,db_402
service_967,db_403
service_968,db_404
service_968,db_405
service_968,db_406
service_969,db_407
service_969,db_408
service_969,db_409
service_97,db_291
service_97,db_292
service_97,db_293
service_970,db_410
service_970,db_411
service_970,db_412
service_971,db_413
service_971,db_414
service_971,db_415
service_972,db_416
service_972,db_417
service_972,db_418
service_973,db_419
service_973,db_420
service_973,db_421
service_974,db_422
service_974,db_423
service_974,db_424
service_975,db_425
service_975,db_426
service_975,db_427
service_976,db_428
service_976,db_429
service_976,db_430
service_977,db_431
service_977,db_432
service_977,db_433
service_978,db_434
service_978,db_435
service_978,db_436
service_979,db_437
service_979,db_438
service_979,db_439
service_98,db_294
service_98,db_295
service_98,db_296
service_980,db_440
service_980,db_441
service_980,db_442
service_981,db_443
service_981,db_444
service_981,db_445
service_982,db_446
service_982,db_447
service_982,db_448
service_983,db_449
service_983,db_450
service_983,db_451
service_984,db_452
service_984,db_453
service_984,db_454
service_985,db_455
service_985,db_456
service_985,db_457
service_986,db_458
service_986,db_459
service_986,db_460
service_987,db_461
service_987,db_462
service_987,db_463
service_988,db_464
service_988,db_465
service_988,db_466
service_989,db_467
service_989,db_468
service_989,db_469
service_99,db_297
service_99,db_298
service_99,db_299
service_990,db_470
service_990,db_471
service_990,db_472
service_991,db_473
service_991,db_474
service_991,db_475
service_992,db_476
service_992,db_477
service_992,db_478
service_993,db_479
service_993,db_480
service_993,db_481
service_994,db_482
service_994,db_483
service_994,db_484
service_995,db_485
service_995,db_486
service_995,db_487
service_996,db_488
service_996,db_489
service_996,db_490
service_997,db_491
service_997,db_492
service_997,db_493
service_998,db_494
service_998,db_495
service_998,db_496
service_999,db_497
service_999,db_498
service_999,db_499
